episode,episode_steps,episode_reward,max_tile
1,907,1044.0,128.0
2,695,764.0,64.0
3,804,600.0,64.0
4,2047,3008.0,256.0
5,591,780.0,64.0
6,168,140.0,16.0
7,218,204.0,16.0
8,525,708.0,64.0
9,583,820.0,64.0
10,379,968.0,64.0
11,844,2468.0,256.0
12,1239,4792.0,512.0
13,157,756.0,64.0
14,421,2848.0,256.0
15,411,2424.0,256.0
16,190,680.0,64.0
17,163,584.0,64.0
18,218,1504.0,128.0
19,499,2824.0,256.0
20,333,1416.0,128.0
21,383,2196.0,128.0
22,471,2840.0,256.0
23,215,1416.0,128.0
24,238,1524.0,128.0
25,116,676.0,64.0
26,239,1032.0,128.0
27,154,1576.0,128.0
28,160,1112.0,128.0
29,478,3096.0,256.0
30,402,2332.0,256.0
31,174,1324.0,128.0
32,178,1304.0,128.0
33,346,2508.0,256.0
34,127,1264.0,128.0
35,347,1300.0,128.0
36,313,2748.0,256.0
37,379,1620.0,128.0
38,327,3164.0,256.0
39,255,2436.0,256.0
40,288,3076.0,256.0
41,350,3272.0,256.0
42,194,2044.0,128.0
43,123,620.0,64.0
44,588,3136.0,256.0
45,165,1156.0,128.0
46,551,5160.0,512.0
47,320,1360.0,128.0
48,309,1344.0,128.0
49,411,5352.0,512.0
50,613,3076.0,256.0
51,233,1644.0,128.0
52,216,2684.0,256.0
53,343,3156.0,256.0
54,131,1380.0,128.0
55,372,3004.0,256.0
56,220,2260.0,256.0
57,172,1564.0,128.0
58,84,616.0,64.0
59,155,1424.0,128.0
60,304,3404.0,256.0
61,109,704.0,64.0
62,388,2772.0,256.0
63,337,2572.0,256.0
64,274,2432.0,256.0
65,206,2580.0,256.0
66,212,1552.0,128.0
67,262,2100.0,128.0
68,328,2568.0,256.0
69,388,2864.0,256.0
70,326,3028.0,256.0
71,321,3024.0,256.0
72,652,6740.0,512.0
73,343,3160.0,256.0
74,325,2688.0,256.0
75,386,3192.0,256.0
76,168,1392.0,128.0
77,389,4484.0,512.0
78,314,2944.0,256.0
79,227,1096.0,128.0
80,252,2256.0,256.0
81,193,1528.0,128.0
82,263,2860.0,256.0
83,269,3068.0,256.0
84,137,1392.0,128.0
85,208,1300.0,128.0
86,430,2980.0,256.0
87,297,3432.0,256.0
88,158,1268.0,128.0
89,180,1324.0,128.0
90,306,2084.0,128.0
91,250,2096.0,256.0
92,433,4572.0,512.0
93,196,1248.0,128.0
94,127,864.0,64.0
95,252,2996.0,256.0
96,176,1500.0,128.0
97,450,3072.0,256.0
98,232,2948.0,256.0
99,526,3232.0,256.0
100,332,3064.0,256.0
101,150,1332.0,128.0
102,245,2812.0,256.0
103,328,2748.0,256.0
104,223,2412.0,128.0
105,383,2272.0,256.0
106,252,3264.0,256.0
107,221,2732.0,256.0
108,293,2524.0,256.0
109,370,3080.0,256.0
110,238,2800.0,256.0
111,307,3224.0,256.0
112,390,5200.0,512.0
113,103,1040.0,128.0
114,286,3108.0,256.0
115,279,2836.0,256.0
116,393,5016.0,512.0
117,308,2896.0,256.0
118,259,2848.0,256.0
119,249,3204.0,256.0
120,360,3180.0,256.0
121,336,2936.0,256.0
122,242,2940.0,256.0
123,126,1316.0,128.0
124,310,3328.0,256.0
125,447,4620.0,512.0
126,526,6236.0,512.0
127,333,5184.0,512.0
128,229,2684.0,256.0
129,309,3076.0,256.0
130,277,3692.0,256.0
131,341,2936.0,256.0
132,589,6212.0,512.0
133,376,3996.0,256.0
134,164,1372.0,128.0
135,317,4244.0,512.0
136,366,3028.0,256.0
137,145,1436.0,128.0
138,307,2988.0,256.0
139,263,3020.0,256.0
140,386,3584.0,256.0
141,305,2372.0,256.0
142,196,1548.0,128.0
143,258,2088.0,256.0
144,274,3088.0,256.0
145,261,2740.0,256.0
146,207,2320.0,256.0
147,327,3380.0,256.0
148,339,3004.0,256.0
149,221,1928.0,128.0
150,374,4420.0,256.0
151,451,6252.0,512.0
152,286,2472.0,256.0
153,198,2280.0,256.0
154,420,4680.0,512.0
155,301,2936.0,256.0
156,296,3240.0,256.0
157,337,2700.0,256.0
158,241,1700.0,128.0
159,395,5040.0,512.0
160,256,2352.0,256.0
161,255,3072.0,256.0
162,211,2252.0,256.0
163,226,2720.0,256.0
164,383,4640.0,512.0
165,374,3140.0,256.0
166,339,3160.0,256.0
167,225,1732.0,128.0
168,277,2996.0,256.0
169,517,6952.0,512.0
170,422,5988.0,512.0
171,407,4356.0,256.0
172,453,5040.0,512.0
173,226,2708.0,256.0
174,280,3328.0,256.0
175,316,4568.0,512.0
176,300,3040.0,256.0
177,204,2476.0,256.0
178,404,5272.0,512.0
179,370,3112.0,256.0
180,320,2980.0,256.0
181,186,2268.0,256.0
182,202,2560.0,256.0
183,216,1216.0,128.0
184,256,2680.0,256.0
185,366,3248.0,256.0
186,241,3012.0,256.0
187,264,2948.0,256.0
188,274,2808.0,256.0
189,239,2972.0,256.0
190,235,2936.0,256.0
191,260,3408.0,256.0
192,421,3620.0,256.0
193,216,2720.0,256.0
194,474,5296.0,512.0
195,515,5144.0,512.0
196,140,1460.0,128.0
197,316,2700.0,256.0
198,109,672.0,64.0
199,320,2928.0,256.0
200,380,5076.0,512.0
201,475,3384.0,256.0
202,355,4772.0,512.0
203,189,1524.0,128.0
204,179,1716.0,128.0
205,334,3028.0,256.0
206,197,2248.0,256.0
207,205,2492.0,256.0
208,272,1732.0,128.0
209,310,3088.0,256.0
210,196,1692.0,128.0
211,146,1292.0,128.0
212,247,3056.0,256.0
213,193,1380.0,128.0
214,214,2392.0,256.0
215,251,3020.0,256.0
216,166,1200.0,128.0
217,217,2420.0,256.0
218,331,3064.0,256.0
219,174,1380.0,128.0
220,749,6492.0,512.0
221,393,2816.0,256.0
222,382,3072.0,256.0
223,489,5280.0,512.0
224,220,1352.0,128.0
225,213,1332.0,128.0
226,217,1956.0,128.0
227,280,1420.0,128.0
228,303,2556.0,256.0
229,218,1596.0,128.0
230,408,2428.0,256.0
231,160,1612.0,128.0
232,149,1392.0,128.0
233,377,2840.0,256.0
234,279,2956.0,256.0
235,447,6144.0,512.0
236,361,3000.0,256.0
237,349,3168.0,256.0
238,196,2240.0,256.0
239,244,3012.0,256.0
240,447,2584.0,256.0
241,388,3976.0,256.0
242,199,1436.0,128.0
243,384,3968.0,256.0
244,338,3060.0,256.0
245,423,2964.0,256.0
246,523,5472.0,512.0
247,238,2504.0,256.0
248,442,3212.0,256.0
249,365,3100.0,256.0
250,456,2864.0,256.0
251,405,3256.0,256.0
252,449,6228.0,512.0
253,343,5044.0,512.0
254,471,5032.0,512.0
255,493,5192.0,512.0
256,275,2104.0,128.0
257,329,3544.0,256.0
258,401,3592.0,256.0
259,206,2028.0,128.0
260,317,3176.0,256.0
261,335,3172.0,256.0
262,384,3048.0,256.0
263,800,8524.0,512.0
264,486,6192.0,512.0
265,237,2340.0,256.0
266,487,6904.0,512.0
267,274,2336.0,256.0
268,176,1296.0,128.0
269,280,2348.0,256.0
270,580,6188.0,512.0
271,568,3536.0,256.0
272,183,1304.0,128.0
273,194,2232.0,256.0
274,192,2328.0,256.0
275,311,3024.0,256.0
276,224,2064.0,128.0
277,663,4536.0,512.0
278,464,4548.0,512.0
279,456,3028.0,256.0
280,289,2812.0,256.0
281,287,2396.0,256.0
282,284,2928.0,256.0
283,314,2384.0,256.0
284,110,1052.0,128.0
285,250,1600.0,128.0
286,548,7068.0,512.0
287,502,6004.0,512.0
288,552,6564.0,512.0
289,390,3804.0,256.0
290,312,3076.0,256.0
291,364,3120.0,256.0
292,463,5236.0,512.0
293,309,3740.0,256.0
294,290,2976.0,256.0
295,460,3704.0,256.0
296,121,968.0,64.0
297,256,2172.0,128.0
298,600,6724.0,512.0
299,418,5984.0,512.0
300,348,2640.0,256.0
301,420,4428.0,256.0
302,306,3252.0,256.0
303,426,4600.0,512.0
304,210,2644.0,256.0
305,268,3268.0,256.0
306,618,6880.0,512.0
307,278,2360.0,256.0
308,237,2932.0,256.0
309,323,3000.0,256.0
310,293,2452.0,256.0
311,277,2984.0,256.0
312,192,2384.0,256.0
313,479,4956.0,512.0
314,447,5336.0,512.0
315,395,5304.0,512.0
316,191,2016.0,256.0
317,317,3028.0,256.0
318,611,6764.0,512.0
319,298,3628.0,256.0
320,209,1376.0,128.0
321,406,5048.0,512.0
322,579,4520.0,512.0
323,421,3232.0,256.0
324,539,3856.0,256.0
325,306,3020.0,256.0
326,292,2772.0,256.0
327,155,800.0,64.0
328,482,5344.0,512.0
329,478,6308.0,512.0
330,190,1364.0,128.0
331,457,6652.0,512.0
332,318,3396.0,256.0
333,272,1160.0,128.0
334,266,2972.0,256.0
335,639,6984.0,512.0
336,528,3608.0,256.0
337,456,4444.0,512.0
338,436,5248.0,512.0
339,406,5196.0,512.0
340,229,2540.0,256.0
341,324,3568.0,256.0
342,444,4580.0,512.0
343,141,828.0,64.0
344,304,3424.0,256.0
345,348,4956.0,512.0
346,183,1348.0,128.0
347,338,3332.0,256.0
348,508,3440.0,256.0
349,241,2816.0,256.0
350,237,2232.0,256.0
351,361,3720.0,256.0
352,319,3088.0,256.0
353,407,3488.0,256.0
354,505,6168.0,512.0
355,256,3224.0,256.0
356,198,2068.0,256.0
357,314,2780.0,256.0
358,378,2120.0,128.0
359,268,2704.0,256.0
360,201,1372.0,128.0
361,518,3928.0,256.0
362,203,2236.0,256.0
363,480,4372.0,256.0
364,320,4048.0,256.0
365,637,6768.0,512.0
366,340,3128.0,256.0
367,307,3540.0,256.0
368,220,1836.0,128.0
369,292,2380.0,256.0
370,647,8488.0,512.0
371,217,1980.0,128.0
372,274,2888.0,256.0
373,279,3184.0,256.0
374,294,2892.0,256.0
375,325,3152.0,256.0
376,267,2808.0,256.0
377,301,3144.0,256.0
378,241,2636.0,256.0
379,219,1480.0,128.0
380,528,6160.0,512.0
381,244,2972.0,256.0
382,368,3488.0,256.0
383,257,1392.0,128.0
384,338,4228.0,512.0
385,718,6412.0,512.0
386,247,3100.0,256.0
387,270,2392.0,256.0
388,255,2552.0,256.0
389,498,6524.0,512.0
390,573,6260.0,512.0
391,172,1068.0,128.0
392,312,3300.0,256.0
393,286,3444.0,256.0
394,269,3572.0,256.0
395,124,1004.0,128.0
396,256,2856.0,256.0
397,312,3200.0,256.0
398,319,3588.0,256.0
399,184,2252.0,256.0
400,251,2984.0,256.0
401,228,2952.0,256.0
402,174,1368.0,128.0
403,345,3188.0,256.0
404,380,3300.0,256.0
405,297,2876.0,256.0
406,326,3412.0,256.0
407,533,5344.0,512.0
408,228,2356.0,256.0
409,196,1356.0,128.0
410,324,3308.0,256.0
411,339,5100.0,512.0
412,235,2276.0,256.0
413,262,2800.0,256.0
414,344,2944.0,256.0
415,298,3036.0,256.0
416,148,1348.0,128.0
417,222,1540.0,128.0
418,394,4040.0,256.0
419,132,1352.0,128.0
420,637,4668.0,512.0
421,484,3112.0,256.0
422,543,6576.0,512.0
423,273,2880.0,256.0
424,277,2916.0,256.0
425,386,3676.0,256.0
426,638,6824.0,512.0
427,550,6892.0,512.0
428,400,4948.0,512.0
429,402,3368.0,256.0
430,293,3112.0,256.0
431,166,1380.0,128.0
432,309,3948.0,256.0
433,334,2900.0,256.0
434,734,7120.0,512.0
435,382,3244.0,256.0
436,138,1364.0,128.0
437,153,1312.0,128.0
438,324,2964.0,256.0
439,244,2452.0,256.0
440,269,3132.0,256.0
441,383,5284.0,512.0
442,579,8520.0,512.0
443,141,1168.0,128.0
444,303,3008.0,256.0
445,336,3244.0,256.0
446,620,5172.0,512.0
447,169,2112.0,256.0
448,572,6344.0,512.0
449,397,4648.0,512.0
450,423,5488.0,512.0
451,247,2348.0,256.0
452,318,3320.0,256.0
453,426,5988.0,512.0
454,267,2320.0,256.0
455,445,5304.0,512.0
456,215,2276.0,256.0
457,504,7040.0,512.0
458,408,5288.0,512.0
459,444,5324.0,512.0
460,493,6020.0,512.0
461,168,1316.0,128.0
462,263,2804.0,256.0
463,362,4012.0,256.0
464,294,3304.0,256.0
465,476,2988.0,256.0
466,293,3336.0,256.0
467,273,2600.0,256.0
468,434,6204.0,512.0
469,657,6044.0,512.0
470,301,3108.0,256.0
471,654,7432.0,512.0
472,288,2768.0,256.0
473,143,1088.0,128.0
474,341,3056.0,256.0
475,91,708.0,64.0
476,212,2068.0,256.0
477,201,2328.0,256.0
478,215,2312.0,256.0
479,222,2296.0,256.0
480,516,5544.0,512.0
481,223,2340.0,256.0
482,536,3104.0,256.0
483,284,2340.0,256.0
484,345,3040.0,256.0
485,496,6256.0,512.0
486,194,2328.0,256.0
487,214,1628.0,128.0
488,534,5972.0,512.0
489,411,3132.0,256.0
490,225,2224.0,256.0
491,385,4604.0,256.0
492,130,1336.0,128.0
493,487,4328.0,256.0
494,196,1428.0,128.0
495,383,5264.0,512.0
496,195,1244.0,128.0
497,212,2352.0,256.0
498,211,2752.0,256.0
499,262,3052.0,256.0
500,347,3044.0,256.0
501,659,6612.0,512.0
502,502,6676.0,512.0
503,232,2976.0,256.0
504,292,3356.0,256.0
505,116,1124.0,128.0
506,261,2308.0,256.0
507,230,1224.0,128.0
508,231,2028.0,256.0
509,329,4184.0,512.0
510,292,2980.0,256.0
511,160,1468.0,128.0
512,135,1380.0,128.0
513,86,728.0,64.0
514,225,2712.0,256.0
515,430,5232.0,512.0
516,330,3076.0,256.0
517,416,6016.0,512.0
518,190,1504.0,128.0
519,290,2400.0,256.0
520,442,5468.0,512.0
521,388,4628.0,512.0
522,331,3680.0,256.0
523,261,2992.0,256.0
524,636,5892.0,512.0
525,296,3284.0,256.0
526,495,6460.0,512.0
527,298,2752.0,256.0
528,380,5040.0,512.0
529,328,3588.0,256.0
530,534,5280.0,512.0
531,228,2556.0,256.0
532,334,2308.0,256.0
533,174,1356.0,128.0
534,440,5464.0,512.0
535,556,6656.0,512.0
536,398,5296.0,512.0
537,681,6872.0,512.0
538,376,4880.0,512.0
539,177,1536.0,128.0
540,379,4468.0,512.0
541,417,1668.0,128.0
542,133,1316.0,128.0
543,294,3088.0,256.0
544,344,4804.0,512.0
545,349,4916.0,512.0
546,387,2972.0,256.0
547,309,3104.0,256.0
548,246,2476.0,256.0
549,188,1540.0,128.0
550,679,6120.0,512.0
551,287,2928.0,256.0
552,302,3048.0,256.0
553,262,2208.0,256.0
554,280,2024.0,128.0
555,522,6216.0,512.0
556,212,1352.0,128.0
557,212,2252.0,256.0
558,380,5428.0,512.0
559,246,3160.0,256.0
560,207,1980.0,128.0
561,357,5248.0,512.0
562,647,6544.0,512.0
563,296,3580.0,256.0
564,368,2952.0,256.0
565,234,1916.0,128.0
566,154,1264.0,128.0
567,280,2452.0,256.0
568,384,1468.0,128.0
569,262,2964.0,256.0
570,280,3060.0,256.0
571,288,3064.0,256.0
572,782,12080.0,1024.0
573,104,548.0,64.0
574,316,2984.0,256.0
575,251,3156.0,256.0
576,574,4000.0,256.0
577,249,2896.0,256.0
578,353,2928.0,256.0
579,504,3856.0,256.0
580,452,3484.0,256.0
581,287,2944.0,256.0
582,543,4456.0,256.0
583,356,3980.0,256.0
584,172,1656.0,128.0
585,241,1344.0,128.0
586,510,5480.0,512.0
587,643,5320.0,512.0
588,693,9600.0,1024.0
589,325,2968.0,256.0
590,529,6884.0,512.0
591,571,6408.0,512.0
592,259,3000.0,256.0
593,344,4544.0,512.0
594,222,1692.0,128.0
595,282,3160.0,256.0
596,338,3616.0,256.0
597,312,1396.0,128.0
598,337,2952.0,256.0
599,284,2864.0,256.0
600,376,4864.0,512.0
601,178,2252.0,256.0
602,260,2736.0,256.0
603,458,4628.0,512.0
604,460,5536.0,512.0
605,284,2820.0,256.0
606,246,2856.0,256.0
607,208,2352.0,256.0
608,174,1892.0,128.0
609,429,6168.0,512.0
610,205,2312.0,256.0
611,280,2840.0,256.0
612,364,5428.0,512.0
613,758,7028.0,512.0
614,280,2380.0,256.0
615,558,6832.0,512.0
616,399,6020.0,512.0
617,356,2984.0,256.0
618,257,2524.0,256.0
619,543,6208.0,512.0
620,339,3124.0,256.0
621,891,13396.0,1024.0
622,650,6904.0,512.0
623,405,5320.0,512.0
624,388,3836.0,256.0
625,304,3096.0,256.0
626,304,2684.0,256.0
627,216,1644.0,128.0
628,316,4504.0,512.0
629,532,6192.0,512.0
630,317,3068.0,256.0
631,272,3052.0,256.0
632,250,3060.0,256.0
633,271,3268.0,256.0
634,577,6184.0,512.0
635,278,3032.0,256.0
636,451,5948.0,512.0
637,260,2972.0,256.0
638,306,3956.0,256.0
639,333,3000.0,256.0
640,273,3132.0,256.0
641,200,1360.0,128.0
642,282,2572.0,256.0
643,179,2036.0,256.0
644,279,3052.0,256.0
645,350,3000.0,256.0
646,432,6236.0,512.0
647,482,4904.0,512.0
648,348,3312.0,256.0
649,268,2896.0,256.0
650,281,3248.0,256.0
651,473,7312.0,512.0
652,124,1288.0,128.0
653,216,2336.0,256.0
654,465,5636.0,512.0
655,260,2992.0,256.0
656,298,2984.0,256.0
657,436,3484.0,256.0
658,327,2908.0,256.0
659,251,2864.0,256.0
660,217,2708.0,256.0
661,456,5240.0,512.0
662,378,3292.0,256.0
663,489,7284.0,512.0
664,262,2928.0,256.0
665,355,3312.0,256.0
666,464,6332.0,512.0
667,366,3368.0,256.0
668,177,1384.0,128.0
669,88,660.0,64.0
670,477,5308.0,512.0
671,202,1332.0,128.0
672,628,6184.0,512.0
673,613,3856.0,256.0
674,419,4856.0,512.0
675,357,3388.0,256.0
676,375,3296.0,256.0
677,194,1368.0,128.0
678,578,2316.0,256.0
679,875,6248.0,512.0
680,186,2132.0,256.0
681,408,5212.0,512.0
682,401,2992.0,256.0
683,622,5248.0,512.0
684,405,5028.0,512.0
685,529,6280.0,512.0
686,337,4352.0,512.0
687,390,3776.0,256.0
688,446,4548.0,512.0
689,177,1232.0,128.0
690,145,1408.0,128.0
691,269,3108.0,256.0
692,317,2948.0,256.0
693,375,3560.0,256.0
694,262,1668.0,128.0
695,299,3124.0,256.0
696,253,2356.0,256.0
697,516,6200.0,512.0
698,310,3260.0,256.0
699,292,2788.0,256.0
700,432,3032.0,256.0
701,326,3332.0,256.0
702,558,6864.0,512.0
703,711,10136.0,1024.0
704,267,2924.0,256.0
705,266,3028.0,256.0
706,355,2708.0,256.0
707,239,3028.0,256.0
708,541,5372.0,512.0
709,531,3048.0,256.0
710,294,2908.0,256.0
711,342,1536.0,128.0
712,161,1368.0,128.0
713,554,5460.0,512.0
714,836,10184.0,1024.0
715,288,3016.0,256.0
716,230,2172.0,256.0
717,312,2340.0,256.0
718,434,5408.0,512.0
719,426,3088.0,256.0
720,418,4396.0,256.0
721,409,4600.0,512.0
722,330,2976.0,256.0
723,147,1552.0,128.0
724,612,6520.0,512.0
725,301,3092.0,256.0
726,299,3072.0,256.0
727,692,6756.0,512.0
728,381,5028.0,512.0
729,822,6940.0,512.0
730,355,3576.0,256.0
731,425,3032.0,256.0
732,221,1556.0,128.0
733,262,3072.0,256.0
734,585,6892.0,512.0
735,674,6280.0,512.0
736,449,6468.0,512.0
737,326,3316.0,256.0
738,324,2964.0,256.0
739,494,2836.0,256.0
740,353,3348.0,256.0
741,424,3168.0,256.0
742,251,2236.0,128.0
743,139,1412.0,128.0
744,525,6376.0,512.0
745,328,3180.0,256.0
746,147,1356.0,128.0
747,420,3364.0,256.0
748,529,6220.0,512.0
749,268,2008.0,128.0
750,365,5364.0,512.0
751,185,1884.0,128.0
752,494,6248.0,512.0
753,453,3296.0,256.0
754,448,2900.0,256.0
755,626,6716.0,512.0
756,339,5172.0,512.0
757,352,2068.0,128.0
758,184,1436.0,128.0
759,416,3068.0,256.0
760,148,1240.0,128.0
761,314,3604.0,256.0
762,366,3104.0,256.0
763,425,3060.0,256.0
764,424,5188.0,512.0
765,275,3000.0,256.0
766,138,1276.0,128.0
767,368,3992.0,256.0
768,484,6364.0,512.0
769,204,1500.0,128.0
770,419,4480.0,512.0
771,609,5400.0,512.0
772,403,5164.0,512.0
773,145,1168.0,128.0
774,997,11988.0,1024.0
775,375,3008.0,256.0
776,276,2992.0,256.0
777,387,2652.0,256.0
778,155,1392.0,128.0
779,283,2828.0,256.0
780,303,2364.0,256.0
781,254,2520.0,256.0
782,568,6088.0,512.0
783,523,6832.0,512.0
784,459,3524.0,256.0
785,420,5484.0,512.0
786,453,1644.0,128.0
787,347,3460.0,256.0
788,475,6260.0,512.0
789,538,5236.0,512.0
790,498,5668.0,512.0
791,424,3236.0,256.0
792,608,6692.0,512.0
793,311,3128.0,256.0
794,312,2928.0,256.0
795,395,3020.0,256.0
796,385,3132.0,256.0
797,431,3264.0,256.0
798,468,2856.0,256.0
799,253,3040.0,256.0
800,616,7408.0,512.0
801,536,6196.0,512.0
802,159,1324.0,128.0
803,648,7252.0,512.0
804,434,5684.0,512.0
805,203,1916.0,128.0
806,531,5692.0,256.0
807,279,2916.0,256.0
808,481,5672.0,512.0
809,494,5252.0,512.0
810,488,5408.0,512.0
811,817,6900.0,512.0
812,535,6196.0,512.0
813,603,7096.0,512.0
814,451,6308.0,512.0
815,702,6888.0,512.0
816,283,3000.0,256.0
817,164,1524.0,128.0
818,651,3980.0,256.0
819,322,3628.0,256.0
820,432,3428.0,256.0
821,284,3004.0,256.0
822,388,2688.0,256.0
823,499,3124.0,256.0
824,259,2940.0,256.0
825,559,6948.0,512.0
826,568,6904.0,512.0
827,269,3136.0,256.0
828,283,3044.0,256.0
829,484,5932.0,512.0
830,291,1360.0,128.0
831,752,6948.0,512.0
832,222,2876.0,256.0
833,335,3900.0,256.0
834,280,3292.0,256.0
835,423,5384.0,512.0
836,746,10072.0,1024.0
837,265,3012.0,256.0
838,383,2976.0,256.0
839,253,2952.0,256.0
840,476,5368.0,512.0
841,494,5224.0,512.0
842,470,5944.0,512.0
843,438,5892.0,512.0
844,191,1436.0,128.0
845,463,6044.0,512.0
846,507,3776.0,256.0
847,267,2340.0,256.0
848,374,3108.0,256.0
849,320,3008.0,256.0
850,276,2424.0,256.0
851,365,5324.0,512.0
852,293,3044.0,256.0
853,514,6564.0,512.0
854,517,3328.0,256.0
855,453,5508.0,512.0
856,510,6220.0,512.0
857,506,4656.0,256.0
858,468,5500.0,512.0
859,752,7208.0,512.0
860,209,2244.0,256.0
861,333,3448.0,256.0
862,433,4460.0,512.0
863,353,3096.0,256.0
864,410,3056.0,256.0
865,351,4048.0,256.0
866,385,5180.0,512.0
867,395,4800.0,512.0
868,421,5132.0,512.0
869,391,5192.0,512.0
870,609,5912.0,512.0
871,278,3284.0,256.0
872,260,2960.0,256.0
873,258,2992.0,256.0
874,443,3772.0,256.0
875,610,6996.0,512.0
876,245,3032.0,256.0
877,345,4544.0,512.0
878,549,5704.0,512.0
879,289,2936.0,256.0
880,499,6264.0,512.0
881,529,5400.0,512.0
882,348,4888.0,512.0
883,259,2928.0,256.0
884,419,3756.0,256.0
885,382,3192.0,256.0
886,324,3244.0,256.0
887,693,6976.0,512.0
888,205,2168.0,256.0
889,297,3044.0,256.0
890,533,5384.0,512.0
891,311,3048.0,256.0
892,247,2988.0,256.0
893,490,5364.0,512.0
894,260,3020.0,256.0
895,285,3420.0,256.0
896,561,6984.0,512.0
897,248,2892.0,256.0
898,466,5284.0,512.0
899,291,3068.0,256.0
900,452,5300.0,512.0
901,446,4608.0,512.0
902,375,5156.0,512.0
903,371,4840.0,512.0
904,323,1596.0,128.0
905,320,2704.0,256.0
906,281,3228.0,256.0
907,247,2108.0,128.0
908,220,2384.0,256.0
909,295,3260.0,256.0
910,451,3484.0,256.0
911,404,5256.0,512.0
912,301,3272.0,256.0
913,741,6952.0,512.0
914,203,2420.0,256.0
915,433,5604.0,512.0
916,461,3300.0,256.0
917,381,3124.0,256.0
918,120,1280.0,128.0
919,258,2720.0,256.0
920,605,6268.0,512.0
921,952,11640.0,1024.0
922,258,1300.0,128.0
923,269,3340.0,256.0
924,793,10008.0,1024.0
925,573,5936.0,512.0
926,606,6728.0,512.0
927,157,692.0,64.0
928,862,10220.0,1024.0
929,513,2336.0,256.0
930,480,6260.0,512.0
931,625,5316.0,512.0
932,521,5352.0,512.0
933,564,6928.0,512.0
934,449,4028.0,256.0
935,157,1532.0,128.0
936,518,6476.0,512.0
937,265,3372.0,256.0
938,271,2768.0,256.0
939,349,3008.0,256.0
940,840,9092.0,512.0
941,266,3004.0,256.0
942,243,2936.0,256.0
943,417,5216.0,512.0
944,419,5240.0,512.0
945,221,1372.0,128.0
946,552,6436.0,512.0
947,297,3092.0,256.0
948,296,2968.0,256.0
949,223,2692.0,256.0
950,357,5048.0,512.0
951,387,3912.0,256.0
952,373,2968.0,256.0
953,307,3092.0,256.0
954,297,2996.0,256.0
955,196,2312.0,256.0
956,315,3152.0,256.0
957,353,2600.0,256.0
958,426,4480.0,256.0
959,519,5392.0,512.0
960,453,3600.0,256.0
961,667,10236.0,1024.0
962,869,10700.0,1024.0
963,750,5428.0,512.0
964,693,7080.0,512.0
965,304,3272.0,256.0
966,621,7132.0,512.0
967,543,6460.0,512.0
968,338,2736.0,256.0
969,350,5236.0,512.0
970,205,1792.0,128.0
971,450,4884.0,512.0
972,125,1248.0,128.0
973,323,1320.0,128.0
974,303,2976.0,256.0
975,525,6864.0,512.0
976,549,6264.0,512.0
977,641,6180.0,512.0
978,540,6620.0,512.0
979,652,6976.0,512.0
980,405,5304.0,512.0
981,514,6428.0,512.0
982,336,2488.0,256.0
983,469,6284.0,512.0
984,305,3364.0,256.0
985,264,2808.0,256.0
986,270,2388.0,256.0
987,299,3288.0,256.0
988,260,3204.0,256.0
989,577,7112.0,512.0
990,467,5288.0,512.0
991,471,3812.0,256.0
992,277,3076.0,256.0
993,317,3664.0,256.0
994,484,5144.0,512.0
995,272,2908.0,256.0
996,595,5608.0,512.0
997,618,6860.0,512.0
998,88,576.0,64.0
999,389,4656.0,256.0
1000,339,5136.0,512.0
1001,523,6976.0,512.0
1002,466,5376.0,512.0
1003,428,5280.0,512.0
1004,294,2864.0,256.0
1005,648,6704.0,512.0
1006,621,7088.0,512.0
1007,516,6896.0,512.0
1008,386,5000.0,512.0
1009,264,2204.0,256.0
1010,631,6872.0,512.0
1011,177,2060.0,128.0
1012,415,3092.0,256.0
1013,210,1848.0,128.0
1014,500,7020.0,512.0
1015,480,5440.0,512.0
1016,476,5236.0,512.0
1017,422,3804.0,256.0
1018,347,4388.0,256.0
1019,510,5096.0,512.0
1020,382,4564.0,512.0
1021,500,6848.0,512.0
1022,553,6972.0,512.0
1023,292,3140.0,256.0
1024,102,664.0,64.0
1025,547,6796.0,512.0
1026,280,3016.0,256.0
1027,398,3208.0,256.0
1028,299,3100.0,256.0
1029,254,2124.0,128.0
1030,369,5264.0,512.0
1031,277,3372.0,256.0
1032,514,5288.0,512.0
1033,265,2900.0,256.0
1034,562,7476.0,512.0
1035,598,3556.0,256.0
1036,533,4888.0,512.0
1037,556,5928.0,512.0
1038,374,3268.0,256.0
1039,406,5104.0,512.0
1040,116,1128.0,128.0
1041,373,2980.0,256.0
1042,538,6920.0,512.0
1043,297,2988.0,256.0
1044,523,6852.0,512.0
1045,213,2292.0,256.0
1046,280,3084.0,256.0
1047,177,1984.0,256.0
1048,472,6000.0,512.0
1049,309,3212.0,256.0
1050,483,6876.0,512.0
1051,246,2612.0,256.0
1052,327,3044.0,256.0
1053,139,1260.0,128.0
1054,305,2912.0,256.0
1055,291,2924.0,256.0
1056,247,3044.0,256.0
1057,245,2952.0,256.0
1058,314,4588.0,512.0
1059,438,5544.0,512.0
1060,721,5352.0,512.0
1061,249,3028.0,256.0
1062,481,6372.0,512.0
1063,425,5240.0,512.0
1064,564,6936.0,512.0
1065,743,7324.0,512.0
1066,555,6216.0,512.0
1067,507,5136.0,512.0
1068,517,6632.0,512.0
1069,506,6888.0,512.0
1070,397,4944.0,512.0
1071,332,3004.0,256.0
1072,283,3076.0,256.0
1073,419,4848.0,512.0
1074,449,4632.0,512.0
1075,170,1308.0,128.0
1076,621,10300.0,1024.0
1077,334,3120.0,256.0
1078,307,3088.0,256.0
1079,200,2660.0,256.0
1080,358,3116.0,256.0
1081,377,5168.0,512.0
1082,616,7772.0,512.0
1083,570,7020.0,512.0
1084,357,3952.0,256.0
1085,539,6316.0,512.0
1086,509,5044.0,512.0
1087,356,3284.0,256.0
1088,759,6176.0,512.0
1089,292,3076.0,256.0
1090,670,5584.0,512.0
1091,842,8464.0,512.0
1092,585,5452.0,512.0
1093,507,6724.0,512.0
1094,561,7016.0,512.0
1095,131,1024.0,128.0
1096,764,5332.0,512.0
1097,318,2392.0,128.0
1098,293,3156.0,256.0
1099,573,4680.0,512.0
1100,249,3060.0,256.0
1101,218,1360.0,128.0
1102,478,5548.0,512.0
1103,710,7012.0,512.0
1104,312,3024.0,256.0
1105,274,1484.0,128.0
1106,401,5336.0,512.0
1107,553,5812.0,512.0
1108,319,2512.0,256.0
1109,337,3488.0,256.0
1110,453,2828.0,256.0
1111,386,5032.0,512.0
1112,370,3736.0,256.0
1113,442,4084.0,256.0
1114,376,5044.0,512.0
1115,103,992.0,128.0
1116,586,7384.0,512.0
1117,1003,12260.0,1024.0
1118,199,2364.0,256.0
1119,531,5892.0,512.0
1120,677,7620.0,512.0
1121,876,6788.0,512.0
1122,270,2060.0,128.0
1123,447,5896.0,512.0
1124,342,3420.0,256.0
1125,678,6928.0,512.0
1126,490,3724.0,256.0
1127,184,1648.0,128.0
1128,318,3264.0,256.0
1129,531,6740.0,512.0
1130,439,5324.0,512.0
1131,231,1976.0,128.0
1132,576,6904.0,512.0
1133,216,2052.0,128.0
1134,430,6292.0,512.0
1135,352,4552.0,512.0
1136,338,4656.0,512.0
1137,209,2368.0,256.0
1138,337,2844.0,256.0
1139,651,6892.0,512.0
1140,294,3628.0,256.0
1141,214,2380.0,256.0
1142,217,2540.0,256.0
1143,428,6208.0,512.0
1144,276,2716.0,256.0
1145,646,6400.0,512.0
1146,393,4860.0,512.0
1147,465,3004.0,256.0
1148,266,3136.0,256.0
1149,523,6608.0,512.0
1150,137,1016.0,128.0
1151,170,1596.0,128.0
1152,178,1380.0,128.0
1153,217,2384.0,256.0
1154,322,3052.0,256.0
1155,176,1604.0,128.0
1156,355,3608.0,256.0
1157,411,4880.0,512.0
1158,539,5412.0,512.0
1159,322,3068.0,256.0
1160,472,4620.0,512.0
1161,1081,6900.0,512.0
1162,613,5156.0,512.0
1163,176,1652.0,128.0
1164,312,3108.0,256.0
1165,467,5316.0,512.0
1166,365,5296.0,512.0
1167,276,3704.0,256.0
1168,563,7164.0,512.0
1169,367,3324.0,256.0
1170,422,4520.0,512.0
1171,211,1988.0,128.0
1172,552,8240.0,512.0
1173,342,2920.0,256.0
1174,369,3820.0,256.0
1175,377,3856.0,256.0
1176,477,6832.0,512.0
1177,466,6800.0,512.0
1178,436,5324.0,512.0
1179,358,5068.0,512.0
1180,445,5380.0,512.0
1181,541,6664.0,512.0
1182,192,1228.0,128.0
1183,152,1280.0,128.0
1184,325,2372.0,256.0
1185,292,3120.0,256.0
1186,346,3428.0,256.0
1187,744,5916.0,512.0
1188,405,3280.0,256.0
1189,247,2264.0,256.0
1190,221,2640.0,256.0
1191,380,5128.0,512.0
1192,360,2988.0,256.0
1193,331,3268.0,256.0
1194,288,2968.0,256.0
1195,450,5224.0,512.0
1196,344,3144.0,256.0
1197,476,5528.0,512.0
1198,583,5088.0,512.0
1199,589,6868.0,512.0
1200,685,3372.0,256.0
1201,448,5248.0,512.0
1202,206,2644.0,256.0
1203,426,5556.0,512.0
1204,323,4728.0,512.0
1205,411,4016.0,256.0
1206,236,2932.0,256.0
1207,195,1688.0,128.0
1208,927,7504.0,512.0
1209,305,2708.0,256.0
1210,498,5892.0,512.0
1211,301,2264.0,256.0
1212,637,6820.0,512.0
1213,633,6864.0,512.0
1214,453,6296.0,512.0
1215,271,3072.0,256.0
1216,793,11996.0,1024.0
1217,411,3276.0,256.0
1218,349,3152.0,256.0
1219,679,6992.0,512.0
1220,662,6800.0,512.0
1221,475,5532.0,512.0
1222,487,6144.0,512.0
1223,223,2792.0,256.0
1224,294,3140.0,256.0
1225,172,1660.0,128.0
1226,269,2988.0,256.0
1227,243,1952.0,128.0
1228,471,3972.0,256.0
1229,333,5112.0,512.0
1230,304,3056.0,256.0
1231,209,2236.0,256.0
1232,438,5180.0,512.0
1233,447,5580.0,512.0
1234,530,5152.0,512.0
1235,226,2392.0,256.0
1236,258,2768.0,256.0
1237,205,2228.0,128.0
1238,228,2776.0,256.0
1239,645,10512.0,1024.0
1240,447,5284.0,512.0
1241,210,1764.0,128.0
1242,416,5304.0,512.0
1243,527,6328.0,512.0
1244,177,1432.0,128.0
1245,427,5192.0,512.0
1246,547,5200.0,512.0
1247,537,5480.0,512.0
1248,393,5092.0,512.0
1249,304,2956.0,256.0
1250,651,5932.0,512.0
1251,590,7880.0,512.0
1252,285,2304.0,256.0
1253,246,2668.0,256.0
1254,458,3192.0,256.0
1255,496,6164.0,512.0
1256,290,2936.0,256.0
1257,454,6720.0,512.0
1258,284,2968.0,256.0
1259,411,6068.0,512.0
1260,313,2992.0,256.0
1261,493,3676.0,256.0
1262,423,5632.0,512.0
1263,320,4756.0,512.0
1264,243,2920.0,256.0
1265,652,6372.0,512.0
1266,486,7164.0,512.0
1267,303,3112.0,256.0
1268,314,3248.0,256.0
1269,465,5404.0,512.0
1270,240,1684.0,128.0
1271,290,3412.0,256.0
1272,379,3028.0,256.0
1273,625,6576.0,512.0
1274,248,3032.0,256.0
1275,676,10096.0,1024.0
1276,76,564.0,64.0
1277,192,2292.0,256.0
1278,517,5548.0,512.0
1279,303,3124.0,256.0
1280,450,5244.0,512.0
1281,183,1276.0,128.0
1282,454,6024.0,512.0
1283,401,4956.0,512.0
1284,565,5588.0,512.0
1285,415,3408.0,256.0
1286,144,1276.0,128.0
1287,333,3624.0,256.0
1288,563,7544.0,512.0
1289,736,6284.0,512.0
1290,734,9888.0,1024.0
1291,318,3552.0,256.0
1292,531,5276.0,512.0
1293,465,5336.0,512.0
1294,543,6268.0,512.0
1295,266,3040.0,256.0
1296,179,1436.0,128.0
1297,586,7044.0,512.0
1298,284,2976.0,256.0
1299,534,5920.0,512.0
1300,483,6648.0,512.0
1301,454,6132.0,512.0
1302,193,1408.0,128.0
1303,344,3180.0,256.0
1304,583,7568.0,512.0
1305,579,6860.0,512.0
1306,417,3356.0,256.0
1307,394,5956.0,512.0
1308,493,6888.0,512.0
1309,184,1604.0,128.0
1310,318,3972.0,256.0
1311,358,3172.0,256.0
1312,436,5376.0,512.0
1313,415,4440.0,256.0
1314,472,5396.0,512.0
1315,442,5380.0,512.0
1316,187,1284.0,128.0
1317,232,3024.0,256.0
1318,412,5948.0,512.0
1319,353,3192.0,256.0
1320,314,2392.0,256.0
1321,543,3664.0,256.0
1322,458,6212.0,512.0
1323,463,5316.0,512.0
1324,285,3096.0,256.0
1325,210,1408.0,128.0
1326,586,6816.0,512.0
1327,727,6272.0,512.0
1328,167,1564.0,128.0
1329,501,6020.0,512.0
1330,634,6676.0,512.0
1331,164,1256.0,128.0
1332,240,2976.0,256.0
1333,549,6100.0,512.0
1334,530,6596.0,512.0
1335,539,6228.0,512.0
1336,272,2292.0,256.0
1337,371,5168.0,512.0
1338,614,5928.0,512.0
1339,423,5228.0,512.0
1340,255,1664.0,128.0
1341,226,1424.0,128.0
1342,387,5144.0,512.0
1343,356,4756.0,512.0
1344,522,6376.0,512.0
1345,271,2944.0,256.0
1346,309,3608.0,256.0
1347,267,3088.0,256.0
1348,257,3040.0,256.0
1349,473,6872.0,512.0
1350,302,2956.0,256.0
1351,564,5900.0,512.0
1352,766,7004.0,512.0
1353,517,6844.0,512.0
1354,365,5496.0,512.0
1355,245,3068.0,256.0
1356,285,3112.0,256.0
1357,205,2656.0,256.0
1358,310,3512.0,256.0
1359,494,6916.0,512.0
1360,496,6468.0,512.0
1361,719,6932.0,512.0
1362,291,3104.0,256.0
1363,287,2840.0,256.0
1364,337,5028.0,512.0
1365,392,3748.0,256.0
1366,940,11892.0,1024.0
1367,539,6744.0,512.0
1368,381,3400.0,256.0
1369,509,8280.0,512.0
1370,594,6920.0,512.0
1371,217,2744.0,256.0
1372,537,6980.0,512.0
1373,354,2808.0,256.0
1374,363,3104.0,256.0
1375,352,3080.0,256.0
1376,551,6968.0,512.0
1377,285,2904.0,256.0
1378,512,6180.0,512.0
1379,633,6840.0,512.0
1380,217,2212.0,256.0
1381,579,7204.0,512.0
1382,219,2828.0,256.0
1383,567,6876.0,512.0
1384,297,4436.0,512.0
1385,310,4076.0,256.0
1386,454,6196.0,512.0
1387,499,7028.0,512.0
1388,401,5300.0,512.0
1389,587,4280.0,256.0
1390,632,7680.0,512.0
1391,375,3368.0,256.0
1392,717,8000.0,512.0
1393,455,6220.0,512.0
1394,839,11716.0,1024.0
1395,329,5032.0,512.0
1396,309,2964.0,256.0
1397,600,4708.0,256.0
1398,513,6036.0,512.0
1399,512,6808.0,512.0
1400,556,7048.0,512.0
1401,541,7048.0,512.0
1402,510,6192.0,512.0
1403,285,3096.0,256.0
1404,341,5192.0,512.0
1405,451,5196.0,512.0
1406,438,2656.0,256.0
1407,468,6672.0,512.0
1408,442,6204.0,512.0
1409,256,3376.0,256.0
1410,513,6944.0,512.0
1411,350,5232.0,512.0
1412,310,3024.0,256.0
1413,474,6564.0,512.0
1414,518,5896.0,512.0
1415,508,6920.0,512.0
1416,719,6948.0,512.0
1417,358,2992.0,256.0
1418,362,5148.0,512.0
1419,423,5588.0,512.0
1420,370,5340.0,512.0
1421,321,3308.0,256.0
1422,833,11828.0,1024.0
1423,362,3516.0,256.0
1424,444,6076.0,512.0
1425,182,2208.0,256.0
1426,387,3432.0,256.0
1427,351,5164.0,512.0
1428,284,3076.0,256.0
1429,655,6096.0,512.0
1430,409,4744.0,256.0
1431,260,3032.0,256.0
1432,300,2860.0,256.0
1433,377,4776.0,512.0
1434,252,3116.0,256.0
1435,237,3024.0,256.0
1436,467,5212.0,512.0
1437,732,11564.0,1024.0
1438,529,6888.0,512.0
1439,418,5320.0,512.0
1440,864,8244.0,512.0
1441,249,3000.0,256.0
1442,249,2136.0,128.0
1443,354,2296.0,256.0
1444,238,2920.0,256.0
1445,347,5148.0,512.0
1446,665,6324.0,512.0
1447,224,1560.0,128.0
1448,344,4388.0,512.0
1449,552,5212.0,512.0
1450,807,7000.0,512.0
1451,370,5520.0,512.0
1452,526,6996.0,512.0
1453,478,6500.0,512.0
1454,407,5136.0,512.0
1455,192,2384.0,256.0
1456,496,5436.0,512.0
1457,428,5280.0,512.0
1458,318,3284.0,256.0
1459,285,3020.0,256.0
1460,487,6900.0,512.0
1461,293,2964.0,256.0
1462,339,4536.0,512.0
1463,420,5232.0,512.0
1464,370,2972.0,256.0
1465,182,1528.0,128.0
1466,240,2880.0,256.0
1467,335,4896.0,512.0
1468,397,5296.0,512.0
1469,484,5020.0,512.0
1470,700,6096.0,512.0
1471,502,6160.0,512.0
1472,429,5152.0,512.0
1473,274,3440.0,256.0
1474,175,1608.0,128.0
1475,190,2264.0,256.0
1476,470,6200.0,512.0
1477,502,6892.0,512.0
1478,388,3048.0,256.0
1479,221,2692.0,256.0
1480,283,3120.0,256.0
1481,398,6132.0,512.0
1482,406,5800.0,512.0
1483,319,3244.0,256.0
1484,366,5260.0,512.0
1485,655,10136.0,1024.0
1486,618,6816.0,512.0
1487,141,1388.0,128.0
1488,311,2848.0,256.0
1489,434,5268.0,512.0
1490,266,2916.0,256.0
1491,388,3096.0,256.0
1492,514,6892.0,512.0
1493,387,2796.0,256.0
1494,384,4608.0,256.0
1495,928,11436.0,1024.0
1496,444,6416.0,512.0
1497,249,2972.0,256.0
1498,321,2984.0,256.0
1499,399,6052.0,512.0
1500,262,1964.0,256.0
1501,354,5452.0,512.0
1502,366,3772.0,256.0
1503,382,5336.0,512.0
1504,284,2940.0,256.0
1505,452,6172.0,512.0
1506,385,5120.0,512.0
1507,469,6220.0,512.0
1508,436,5468.0,512.0
1509,522,7020.0,512.0
1510,206,2472.0,256.0
1511,554,5548.0,512.0
1512,471,6124.0,512.0
1513,289,3024.0,256.0
1514,506,6288.0,512.0
1515,420,4016.0,256.0
1516,342,3204.0,256.0
1517,384,5164.0,512.0
1518,442,6240.0,512.0
1519,193,1624.0,128.0
1520,488,6216.0,512.0
1521,409,3004.0,256.0
1522,290,3000.0,256.0
1523,391,4108.0,256.0
1524,348,3212.0,256.0
1525,467,5312.0,512.0
1526,460,5948.0,512.0
1527,452,6696.0,512.0
1528,426,6612.0,512.0
1529,228,2392.0,256.0
1530,440,6516.0,512.0
1531,578,7612.0,512.0
1532,581,3412.0,256.0
1533,490,5064.0,512.0
1534,436,5944.0,512.0
1535,375,4736.0,512.0
1536,386,2980.0,256.0
1537,288,3072.0,256.0
1538,169,1436.0,128.0
1539,279,3036.0,256.0
1540,146,1636.0,128.0
1541,458,5184.0,512.0
1542,472,6972.0,512.0
1543,558,7016.0,512.0
1544,358,5284.0,512.0
1545,131,1372.0,128.0
1546,314,3044.0,256.0
1547,165,1600.0,128.0
1548,529,5268.0,512.0
1549,413,5140.0,512.0
1550,458,3756.0,256.0
1551,393,4884.0,512.0
1552,594,5628.0,512.0
1553,226,2980.0,256.0
1554,551,6684.0,512.0
1555,464,3844.0,256.0
1556,493,7000.0,512.0
1557,149,1624.0,128.0
1558,500,8364.0,512.0
1559,299,3140.0,256.0
1560,400,5480.0,512.0
1561,304,3184.0,256.0
1562,388,5408.0,512.0
1563,255,2984.0,256.0
1564,253,2944.0,256.0
1565,444,5560.0,512.0
1566,416,4588.0,512.0
1567,473,6992.0,512.0
1568,348,3160.0,256.0
1569,802,10028.0,1024.0
1570,728,7480.0,512.0
1571,394,5308.0,512.0
1572,316,3036.0,256.0
1573,408,4724.0,512.0
1574,742,11372.0,1024.0
1575,443,6112.0,512.0
1576,268,3176.0,256.0
1577,600,7624.0,512.0
1578,130,1352.0,128.0
1579,221,2808.0,256.0
1580,216,1692.0,128.0
1581,88,744.0,64.0
1582,612,5248.0,512.0
1583,637,6872.0,512.0
1584,460,5840.0,512.0
1585,430,5824.0,512.0
1586,512,6648.0,512.0
1587,434,5292.0,512.0
1588,460,5328.0,512.0
1589,197,2404.0,256.0
1590,451,5324.0,512.0
1591,371,3272.0,256.0
1592,310,3020.0,256.0
1593,467,6008.0,512.0
1594,164,1448.0,128.0
1595,426,3100.0,256.0
1596,318,3136.0,256.0
1597,237,1476.0,128.0
1598,734,7672.0,512.0
1599,448,6560.0,512.0
1600,409,5488.0,512.0
1601,321,2988.0,256.0
1602,558,5280.0,512.0
1603,816,11672.0,1024.0
1604,416,5196.0,512.0
1605,88,692.0,64.0
1606,791,5420.0,512.0
1607,852,10760.0,1024.0
1608,245,3064.0,256.0
1609,282,3020.0,256.0
1610,246,2992.0,256.0
1611,569,7552.0,512.0
1612,334,4248.0,256.0
1613,179,1584.0,128.0
1614,484,6852.0,512.0
1615,425,5136.0,512.0
1616,377,5652.0,512.0
1617,412,3988.0,256.0
1618,383,3944.0,256.0
1619,213,2720.0,256.0
1620,205,2264.0,256.0
1621,248,2288.0,256.0
1622,841,6504.0,512.0
1623,569,6944.0,512.0
1624,318,3012.0,256.0
1625,274,1424.0,128.0
1626,251,2712.0,256.0
1627,482,6968.0,512.0
1628,461,6916.0,512.0
1629,415,3256.0,256.0
1630,345,3148.0,256.0
1631,292,2840.0,256.0
1632,926,12868.0,1024.0
1633,305,3628.0,256.0
1634,603,7396.0,512.0
1635,655,6892.0,512.0
1636,144,1272.0,128.0
1637,243,2964.0,256.0
1638,337,3476.0,256.0
1639,358,3040.0,256.0
1640,457,4816.0,512.0
1641,454,3092.0,256.0
1642,327,3028.0,256.0
1643,337,3836.0,256.0
1644,595,6836.0,512.0
1645,442,5264.0,512.0
1646,668,6964.0,512.0
1647,507,3784.0,256.0
1648,262,3024.0,256.0
1649,461,6172.0,512.0
1650,203,2120.0,128.0
1651,545,6880.0,512.0
1652,305,3080.0,256.0
1653,612,6880.0,512.0
1654,336,3144.0,256.0
1655,285,2976.0,256.0
1656,142,1364.0,128.0
1657,445,3304.0,256.0
1658,556,6792.0,512.0
1659,170,1592.0,128.0
1660,278,3004.0,256.0
1661,653,5276.0,512.0
1662,395,5848.0,512.0
1663,505,6556.0,512.0
1664,156,1392.0,128.0
1665,637,5944.0,512.0
1666,525,6696.0,512.0
1667,545,7448.0,512.0
1668,248,2980.0,256.0
1669,466,3124.0,256.0
1670,173,1552.0,128.0
1671,326,2944.0,256.0
1672,432,3964.0,256.0
1673,306,2952.0,256.0
1674,667,10348.0,1024.0
1675,802,13328.0,1024.0
1676,347,3592.0,256.0
1677,523,6604.0,512.0
1678,230,2792.0,256.0
1679,296,3004.0,256.0
1680,233,2696.0,256.0
1681,223,2868.0,256.0
1682,324,3280.0,256.0
1683,526,6724.0,512.0
1684,435,4652.0,512.0
1685,220,2776.0,256.0
1686,125,1288.0,128.0
1687,401,5184.0,512.0
1688,406,5216.0,512.0
1689,511,5788.0,512.0
1690,686,11136.0,1024.0
1691,465,6028.0,512.0
1692,418,3420.0,256.0
1693,587,3048.0,256.0
1694,599,3928.0,256.0
1695,331,3196.0,256.0
1696,265,3068.0,256.0
1697,245,3092.0,256.0
1698,627,6412.0,512.0
1699,475,4472.0,256.0
1700,573,3084.0,256.0
1701,527,6804.0,512.0
1702,408,5200.0,512.0
1703,472,6300.0,512.0
1704,484,4020.0,256.0
1705,346,3644.0,256.0
1706,473,6920.0,512.0
1707,477,6568.0,512.0
1708,505,6896.0,512.0
1709,504,5080.0,512.0
1710,731,6200.0,512.0
1711,275,2948.0,256.0
1712,459,5604.0,512.0
1713,766,6572.0,512.0
1714,111,1088.0,128.0
1715,487,6608.0,512.0
1716,538,6884.0,512.0
1717,229,2564.0,256.0
1718,393,5280.0,512.0
1719,345,2768.0,256.0
1720,247,2668.0,256.0
1721,357,3236.0,256.0
1722,215,2356.0,256.0
1723,455,6736.0,512.0
1724,273,3096.0,256.0
1725,401,3740.0,256.0
1726,696,11872.0,1024.0
1727,626,7064.0,512.0
1728,494,3416.0,256.0
1729,250,1300.0,128.0
1730,423,5544.0,512.0
1731,492,6636.0,512.0
1732,278,3144.0,256.0
1733,387,5192.0,512.0
1734,288,2896.0,256.0
1735,418,5708.0,512.0
1736,400,5304.0,512.0
1737,635,5468.0,512.0
1738,523,5308.0,512.0
1739,252,3236.0,256.0
1740,330,4540.0,512.0
1741,658,6812.0,512.0
1742,242,2956.0,256.0
1743,356,5236.0,512.0
1744,457,5240.0,512.0
1745,633,6712.0,512.0
1746,521,6192.0,512.0
1747,540,6944.0,512.0
1748,455,3064.0,256.0
1749,357,4484.0,256.0
1750,432,6392.0,512.0
1751,535,7008.0,512.0
1752,425,6732.0,512.0
1753,554,5492.0,512.0
1754,450,3160.0,256.0
1755,170,1500.0,128.0
1756,444,5200.0,512.0
1757,610,7428.0,512.0
1758,460,2440.0,256.0
1759,439,3276.0,256.0
1760,497,5288.0,512.0
1761,456,5284.0,512.0
1762,552,6940.0,512.0
1763,293,2988.0,256.0
1764,282,3256.0,256.0
1765,715,6052.0,512.0
1766,339,3844.0,256.0
1767,335,3136.0,256.0
1768,479,6992.0,512.0
1769,1012,10004.0,1024.0
1770,520,5588.0,512.0
1771,548,5252.0,512.0
1772,596,5872.0,512.0
1773,267,3192.0,256.0
1774,549,7324.0,512.0
1775,646,10548.0,1024.0
1776,532,5636.0,512.0
1777,273,2976.0,256.0
1778,581,6540.0,512.0
1779,668,10036.0,1024.0
1780,379,5188.0,512.0
1781,231,2940.0,256.0
1782,613,7604.0,512.0
1783,392,5276.0,512.0
1784,265,3008.0,256.0
1785,642,6912.0,512.0
1786,709,10072.0,1024.0
1787,581,5456.0,512.0
1788,156,1476.0,128.0
1789,401,3060.0,256.0
1790,286,2616.0,256.0
1791,285,1584.0,128.0
1792,1045,15004.0,1024.0
1793,545,5352.0,512.0
1794,394,5184.0,512.0
1795,480,6672.0,512.0
1796,403,5356.0,512.0
1797,518,2696.0,256.0
1798,217,2276.0,256.0
1799,261,3408.0,256.0
1800,728,10824.0,1024.0
1801,562,7168.0,512.0
1802,605,6844.0,512.0
1803,392,3264.0,256.0
1804,269,3060.0,256.0
1805,456,6896.0,512.0
1806,628,6852.0,512.0
1807,319,3204.0,256.0
1808,414,2560.0,128.0
1809,541,6780.0,512.0
1810,189,1772.0,128.0
1811,409,5108.0,512.0
1812,366,3072.0,256.0
1813,571,6952.0,512.0
1814,387,5020.0,512.0
1815,184,2260.0,256.0
1816,341,2912.0,256.0
1817,677,10264.0,1024.0
1818,343,3788.0,256.0
1819,349,5176.0,512.0
1820,370,3392.0,256.0
1821,337,3080.0,256.0
1822,252,3128.0,256.0
1823,532,4876.0,512.0
1824,777,7176.0,512.0
1825,297,3112.0,256.0
1826,272,3300.0,256.0
1827,171,2148.0,256.0
1828,309,3136.0,256.0
1829,407,3940.0,256.0
1830,256,3040.0,256.0
1831,419,5224.0,512.0
1832,515,3664.0,256.0
1833,187,1712.0,128.0
1834,225,1620.0,128.0
1835,292,3668.0,256.0
1836,245,2568.0,256.0
1837,262,3240.0,256.0
1838,255,2900.0,256.0
1839,370,3552.0,256.0
1840,452,5404.0,512.0
1841,378,3248.0,256.0
1842,455,5348.0,512.0
1843,383,4688.0,256.0
1844,458,6232.0,512.0
1845,362,3020.0,256.0
1846,231,2100.0,128.0
1847,459,6880.0,512.0
1848,748,10104.0,1024.0
1849,243,2004.0,128.0
1850,487,6112.0,512.0
1851,195,2240.0,256.0
1852,427,2976.0,256.0
1853,398,5212.0,512.0
1854,351,3360.0,256.0
1855,331,3444.0,256.0
1856,501,5232.0,512.0
1857,762,11944.0,1024.0
1858,317,3172.0,256.0
1859,323,3272.0,256.0
1860,551,6260.0,512.0
1861,304,3040.0,256.0
1862,307,2996.0,256.0
1863,371,4892.0,512.0
1864,260,3052.0,256.0
1865,464,6284.0,512.0
1866,161,1988.0,256.0
1867,289,2964.0,256.0
1868,154,1352.0,128.0
1869,315,2992.0,256.0
1870,361,3668.0,256.0
1871,635,6388.0,512.0
1872,596,3300.0,256.0
1873,224,2808.0,256.0
1874,250,2924.0,256.0
1875,521,6488.0,512.0
1876,511,3960.0,256.0
1877,787,11472.0,1024.0
1878,521,6044.0,512.0
1879,371,3048.0,256.0
1880,403,3664.0,256.0
1881,595,5520.0,512.0
1882,151,684.0,64.0
1883,151,1592.0,128.0
1884,371,3080.0,256.0
1885,487,7540.0,512.0
1886,528,6888.0,512.0
1887,246,3108.0,256.0
1888,565,7112.0,512.0
1889,300,3556.0,256.0
1890,379,5212.0,512.0
1891,376,5224.0,512.0
1892,412,4960.0,512.0
1893,766,11744.0,1024.0
1894,577,6588.0,512.0
1895,555,6916.0,512.0
1896,166,1668.0,128.0
1897,617,6448.0,512.0
1898,462,3256.0,256.0
1899,269,3044.0,256.0
1900,616,7508.0,512.0
1901,593,7100.0,512.0
1902,536,5652.0,512.0
1903,479,6948.0,512.0
1904,426,5308.0,512.0
1905,542,6932.0,512.0
1906,275,3116.0,256.0
1907,488,5876.0,512.0
1908,117,1144.0,128.0
1909,478,6164.0,512.0
1910,144,1472.0,128.0
1911,573,6744.0,512.0
1912,636,7032.0,512.0
1913,756,7004.0,512.0
1914,223,2816.0,256.0
1915,858,6928.0,512.0
1916,524,6780.0,512.0
1917,336,3060.0,256.0
1918,344,4992.0,512.0
1919,499,6068.0,512.0
1920,322,4580.0,512.0
1921,588,9576.0,1024.0
1922,494,6612.0,512.0
1923,425,5284.0,512.0
1924,611,6668.0,512.0
1925,966,6988.0,512.0
1926,559,6924.0,512.0
1927,279,2908.0,256.0
1928,363,4792.0,512.0
1929,807,6784.0,512.0
1930,534,7264.0,512.0
1931,212,1352.0,128.0
1932,469,6220.0,512.0
1933,275,3256.0,256.0
1934,262,3036.0,256.0
1935,577,7044.0,512.0
1936,298,3432.0,256.0
1937,396,5264.0,512.0
1938,438,5272.0,512.0
1939,144,1424.0,128.0
1940,469,6880.0,512.0
1941,409,5300.0,512.0
1942,569,6896.0,512.0
1943,434,5372.0,512.0
1944,169,1428.0,128.0
1945,419,4652.0,256.0
1946,670,7132.0,512.0
1947,296,3884.0,256.0
1948,251,3096.0,256.0
1949,329,3752.0,256.0
1950,479,6000.0,512.0
1951,430,5328.0,512.0
1952,630,6108.0,512.0
1953,450,3272.0,256.0
1954,731,11884.0,1024.0
1955,249,3008.0,256.0
1956,371,5128.0,512.0
1957,465,5232.0,512.0
1958,199,2192.0,256.0
1959,495,6200.0,512.0
1960,290,3672.0,256.0
1961,408,4584.0,512.0
1962,287,2932.0,256.0
1963,402,4720.0,256.0
1964,364,5236.0,512.0
1965,497,6860.0,512.0
1966,610,8484.0,512.0
1967,555,3256.0,256.0
1968,507,6840.0,512.0
1969,1214,15312.0,1024.0
1970,424,6684.0,512.0
1971,253,3004.0,256.0
1972,692,6920.0,512.0
1973,474,6840.0,512.0
1974,251,2880.0,256.0
1975,525,6508.0,512.0
1976,515,6856.0,512.0
1977,478,6940.0,512.0
1978,217,2408.0,256.0
1979,575,7228.0,512.0
1980,359,4140.0,256.0
1981,686,11928.0,1024.0
1982,374,5012.0,512.0
1983,297,2992.0,256.0
1984,360,4712.0,256.0
1985,670,5976.0,512.0
1986,269,3496.0,256.0
1987,477,6848.0,512.0
1988,400,4452.0,256.0
1989,789,12080.0,1024.0
1990,610,6932.0,512.0
1991,299,3244.0,256.0
1992,308,3008.0,256.0
1993,1095,13788.0,1024.0
1994,249,2832.0,256.0
1995,302,2992.0,256.0
1996,451,6452.0,512.0
1997,167,1284.0,128.0
1998,397,6040.0,512.0
1999,393,5432.0,512.0
2000,373,3040.0,256.0
2001,293,3140.0,256.0
2002,227,2924.0,256.0
2003,399,4964.0,512.0
2004,387,5440.0,512.0
2005,489,5204.0,512.0
2006,498,6724.0,512.0
2007,367,5156.0,512.0
2008,362,3832.0,256.0
2009,262,2916.0,256.0
2010,241,2980.0,256.0
2011,311,3164.0,256.0
2012,355,5184.0,512.0
2013,381,5864.0,512.0
2014,440,6160.0,512.0
2015,285,3020.0,256.0
2016,793,10200.0,1024.0
2017,305,2372.0,256.0
2018,484,6236.0,512.0
2019,400,6212.0,512.0
2020,694,6720.0,512.0
2021,369,4336.0,256.0
2022,358,5192.0,512.0
2023,429,5760.0,512.0
2024,580,5244.0,512.0
2025,279,3248.0,256.0
2026,308,3132.0,256.0
2027,297,3080.0,256.0
2028,447,3040.0,256.0
2029,407,5348.0,512.0
2030,183,2020.0,256.0
2031,334,3104.0,256.0
2032,495,4380.0,256.0
2033,453,5444.0,512.0
2034,740,11856.0,1024.0
2035,452,6208.0,512.0
2036,666,7168.0,512.0
2037,421,5308.0,512.0
2038,255,3056.0,256.0
2039,358,3564.0,256.0
2040,243,3056.0,256.0
2041,439,5324.0,512.0
2042,473,5404.0,512.0
2043,397,4700.0,256.0
2044,318,3124.0,256.0
2045,204,2268.0,256.0
2046,513,5248.0,512.0
2047,469,6952.0,512.0
2048,134,972.0,128.0
2049,457,5192.0,512.0
2050,293,3000.0,256.0
2051,559,6924.0,512.0
2052,449,5708.0,512.0
2053,417,3436.0,256.0
2054,275,2940.0,256.0
2055,392,4272.0,256.0
2056,320,3380.0,256.0
2057,326,3376.0,256.0
2058,539,6328.0,512.0
2059,401,5312.0,512.0
2060,180,2200.0,256.0
2061,269,3240.0,256.0
2062,334,3096.0,256.0
2063,419,3144.0,256.0
2064,412,5304.0,512.0
2065,233,2928.0,256.0
2066,600,5068.0,512.0
2067,377,5392.0,512.0
2068,718,10168.0,1024.0
2069,341,4740.0,512.0
2070,431,6400.0,512.0
2071,470,5452.0,512.0
2072,563,6960.0,512.0
2073,175,1288.0,128.0
2074,350,4888.0,512.0
2075,418,4480.0,256.0
2076,530,5556.0,512.0
2077,510,6868.0,512.0
2078,270,3368.0,256.0
2079,507,5232.0,512.0
2080,744,11908.0,1024.0
2081,539,6748.0,512.0
2082,281,2588.0,256.0
2083,172,1460.0,128.0
2084,670,10552.0,1024.0
2085,195,2204.0,256.0
2086,265,3012.0,256.0
2087,378,3764.0,256.0
2088,412,6232.0,512.0
2089,929,7232.0,512.0
2090,414,6176.0,512.0
2091,329,2992.0,256.0
2092,438,6492.0,512.0
2093,556,5276.0,512.0
2094,250,3208.0,256.0
2095,469,5464.0,512.0
2096,400,5280.0,512.0
2097,254,3084.0,256.0
2098,465,4760.0,512.0
2099,322,3360.0,256.0
2100,679,5788.0,512.0
2101,222,2372.0,256.0
2102,428,6556.0,512.0
2103,303,3224.0,256.0
2104,537,7368.0,512.0
2105,136,1388.0,128.0
2106,389,5360.0,512.0
2107,655,6868.0,512.0
2108,643,6552.0,512.0
2109,305,3088.0,256.0
2110,617,6452.0,512.0
2111,409,5216.0,512.0
2112,464,6180.0,512.0
2113,90,692.0,64.0
2114,390,3720.0,256.0
2115,464,6092.0,512.0
2116,306,4464.0,512.0
2117,601,5876.0,512.0
2118,329,3136.0,256.0
2119,458,5340.0,512.0
2120,406,5324.0,512.0
2121,293,2500.0,256.0
2122,651,6760.0,512.0
2123,234,3060.0,256.0
2124,251,1560.0,128.0
2125,551,7376.0,512.0
2126,833,10376.0,1024.0
2127,454,6888.0,512.0
2128,425,3300.0,256.0
2129,397,5472.0,512.0
2130,400,3000.0,256.0
2131,496,6652.0,512.0
2132,167,1708.0,128.0
2133,470,5328.0,512.0
2134,411,5548.0,512.0
2135,337,3116.0,256.0
2136,205,2036.0,128.0
2137,390,5256.0,512.0
2138,461,6720.0,512.0
2139,333,3708.0,256.0
2140,660,6768.0,512.0
2141,632,6624.0,512.0
2142,273,1684.0,128.0
2143,608,6936.0,512.0
2144,427,5576.0,512.0
2145,400,2116.0,128.0
2146,363,3992.0,256.0
2147,372,3676.0,256.0
2148,395,5320.0,512.0
2149,382,5232.0,512.0
2150,214,1344.0,128.0
2151,510,6184.0,512.0
2152,240,1544.0,128.0
2153,770,10968.0,1024.0
2154,228,2900.0,256.0
2155,200,2312.0,256.0
2156,539,6948.0,512.0
2157,247,2960.0,256.0
2158,512,6748.0,512.0
2159,342,4528.0,512.0
2160,912,11892.0,1024.0
2161,288,3100.0,256.0
2162,449,5188.0,512.0
2163,515,6852.0,512.0
2164,444,5616.0,512.0
2165,544,6916.0,512.0
2166,536,7128.0,512.0
2167,330,3048.0,256.0
2168,173,1336.0,128.0
2169,628,6712.0,512.0
2170,481,6432.0,512.0
2171,439,5168.0,512.0
2172,231,2920.0,256.0
2173,315,2356.0,256.0
2174,274,3264.0,256.0
2175,514,6900.0,512.0
2176,1088,14168.0,1024.0
2177,343,3448.0,256.0
2178,538,6264.0,512.0
2179,471,6856.0,512.0
2180,446,5064.0,512.0
2181,356,2944.0,256.0
2182,494,6904.0,512.0
2183,408,3096.0,256.0
2184,538,6752.0,512.0
2185,345,3248.0,256.0
2186,297,4484.0,512.0
2187,353,4932.0,512.0
2188,852,7680.0,512.0
2189,251,2020.0,128.0
2190,795,11276.0,1024.0
2191,264,2256.0,256.0
2192,420,5584.0,512.0
2193,828,10372.0,1024.0
2194,475,5308.0,512.0
2195,752,6916.0,512.0
2196,242,2964.0,256.0
2197,482,6916.0,512.0
2198,608,6932.0,512.0
2199,456,5552.0,512.0
2200,272,3100.0,256.0
2201,585,5940.0,512.0
2202,571,7092.0,512.0
2203,275,3008.0,256.0
2204,367,5340.0,512.0
2205,409,6568.0,512.0
2206,430,5856.0,512.0
2207,479,6340.0,512.0
2208,655,11052.0,1024.0
2209,391,3804.0,256.0
2210,349,3492.0,256.0
2211,990,15912.0,1024.0
2212,841,14064.0,1024.0
2213,500,7000.0,512.0
2214,318,3424.0,256.0
2215,472,6160.0,512.0
2216,276,3016.0,256.0
2217,463,4200.0,256.0
2218,685,6956.0,512.0
2219,431,5348.0,512.0
2220,322,4040.0,256.0
2221,445,5704.0,512.0
2222,550,9452.0,1024.0
2223,534,6456.0,512.0
2224,375,5288.0,512.0
2225,917,14100.0,1024.0
2226,544,6908.0,512.0
2227,590,6896.0,512.0
2228,332,3136.0,256.0
2229,396,5232.0,512.0
2230,346,3664.0,256.0
2231,485,3860.0,256.0
2232,627,6992.0,512.0
2233,699,7192.0,512.0
2234,471,3228.0,256.0
2235,417,5152.0,512.0
2236,345,4864.0,512.0
2237,541,6912.0,512.0
2238,526,6328.0,512.0
2239,705,10472.0,1024.0
2240,588,6904.0,512.0
2241,568,6920.0,512.0
2242,381,4880.0,512.0
2243,310,3080.0,256.0
2244,249,3004.0,256.0
2245,303,3296.0,256.0
2246,556,6636.0,512.0
2247,331,3276.0,256.0
2248,561,7580.0,512.0
2249,332,3588.0,256.0
2250,547,6880.0,512.0
2251,361,3668.0,256.0
2252,480,6900.0,512.0
2253,445,5772.0,512.0
2254,243,3056.0,256.0
2255,364,4980.0,512.0
2256,297,3268.0,256.0
2257,297,3912.0,256.0
2258,617,10392.0,1024.0
2259,304,2984.0,256.0
2260,288,3680.0,256.0
2261,723,11844.0,1024.0
2262,470,6256.0,512.0
2263,466,5552.0,512.0
2264,587,7684.0,512.0
2265,570,7724.0,512.0
2266,253,2640.0,256.0
2267,276,3156.0,256.0
2268,289,3408.0,256.0
2269,877,13752.0,1024.0
2270,316,3096.0,256.0
2271,347,3440.0,256.0
2272,425,5872.0,512.0
2273,169,2112.0,256.0
2274,286,2888.0,256.0
2275,401,5616.0,512.0
2276,277,2476.0,256.0
2277,491,3708.0,256.0
2278,302,2988.0,256.0
2279,513,6624.0,512.0
2280,415,5204.0,512.0
2281,416,5264.0,512.0
2282,374,5432.0,512.0
2283,547,6520.0,512.0
2284,515,7392.0,512.0
2285,663,6984.0,512.0
2286,450,6496.0,512.0
2287,342,3680.0,256.0
2288,558,8056.0,512.0
2289,345,5160.0,512.0
2290,849,11128.0,1024.0
2291,117,684.0,64.0
2292,225,2544.0,256.0
2293,325,3136.0,256.0
2294,552,6320.0,512.0
2295,437,5808.0,512.0
2296,317,1668.0,128.0
2297,687,7324.0,512.0
2298,267,3028.0,256.0
2299,464,6224.0,512.0
2300,583,6336.0,512.0
2301,701,5324.0,512.0
2302,491,6892.0,512.0
2303,540,6308.0,512.0
2304,379,3024.0,256.0
2305,269,3244.0,256.0
2306,192,2052.0,256.0
2307,347,5068.0,512.0
2308,404,5428.0,512.0
2309,273,2936.0,256.0
2310,398,6148.0,512.0
2311,463,7160.0,512.0
2312,447,3016.0,256.0
2313,174,1448.0,128.0
2314,287,3236.0,256.0
2315,511,6852.0,512.0
2316,283,3284.0,256.0
2317,357,3364.0,256.0
2318,314,3048.0,256.0
2319,387,5344.0,512.0
2320,499,6296.0,512.0
2321,579,8324.0,512.0
2322,254,2368.0,256.0
2323,464,5884.0,512.0
2324,583,3704.0,256.0
2325,429,5660.0,512.0
2326,144,1368.0,128.0
2327,521,6896.0,512.0
2328,221,2288.0,256.0
2329,429,5336.0,512.0
2330,492,6868.0,512.0
2331,710,9192.0,512.0
2332,636,9676.0,1024.0
2333,904,11888.0,1024.0
2334,259,3024.0,256.0
2335,263,3052.0,256.0
2336,380,5436.0,512.0
2337,490,3520.0,256.0
2338,391,3824.0,256.0
2339,320,3060.0,256.0
2340,492,6956.0,512.0
2341,505,6576.0,512.0
2342,326,4644.0,512.0
2343,538,6172.0,512.0
2344,512,6816.0,512.0
2345,147,1428.0,128.0
2346,325,3276.0,256.0
2347,446,6484.0,512.0
2348,646,6832.0,512.0
2349,195,2096.0,256.0
2350,775,11788.0,1024.0
2351,268,3068.0,256.0
2352,553,7028.0,512.0
2353,222,2756.0,256.0
2354,651,9584.0,1024.0
2355,278,3248.0,256.0
2356,350,3108.0,256.0
2357,223,2868.0,256.0
2358,325,3016.0,256.0
2359,319,3916.0,256.0
2360,152,1412.0,128.0
2361,631,6976.0,512.0
2362,381,5204.0,512.0
2363,573,6516.0,512.0
2364,700,7220.0,512.0
2365,349,5168.0,512.0
2366,294,3228.0,256.0
2367,296,3336.0,256.0
2368,577,6896.0,512.0
2369,473,5892.0,512.0
2370,298,3504.0,256.0
2371,402,5268.0,512.0
2372,262,3056.0,256.0
2373,313,2712.0,256.0
2374,805,11140.0,1024.0
2375,515,6588.0,512.0
2376,798,6784.0,512.0
2377,394,4600.0,512.0
2378,354,3636.0,256.0
2379,540,3696.0,256.0
2380,514,5464.0,512.0
2381,221,2212.0,256.0
2382,264,2952.0,256.0
2383,309,3752.0,256.0
2384,960,14528.0,1024.0
2385,418,6280.0,512.0
2386,346,3124.0,256.0
2387,250,2432.0,256.0
2388,188,1592.0,128.0
2389,318,2824.0,256.0
2390,377,3008.0,256.0
2391,391,3128.0,256.0
2392,348,5280.0,512.0
2393,401,4828.0,256.0
2394,745,6644.0,512.0
2395,240,3004.0,256.0
2396,386,5460.0,512.0
2397,240,3056.0,256.0
2398,1011,6708.0,512.0
2399,197,1400.0,128.0
2400,439,4768.0,512.0
2401,1109,12024.0,1024.0
2402,777,6172.0,512.0
2403,394,5248.0,512.0
2404,537,6836.0,512.0
2405,454,3672.0,256.0
2406,541,5864.0,512.0
2407,248,1700.0,128.0
2408,353,2872.0,256.0
2409,185,2324.0,256.0
2410,230,2264.0,256.0
2411,618,6212.0,512.0
2412,397,3152.0,256.0
2413,464,4800.0,512.0
2414,760,11784.0,1024.0
2415,141,1464.0,128.0
2416,259,3116.0,256.0
2417,1077,12132.0,1024.0
2418,453,5292.0,512.0
2419,321,4568.0,512.0
2420,409,3716.0,256.0
2421,317,4588.0,512.0
2422,472,5288.0,512.0
2423,567,5956.0,512.0
2424,452,6620.0,512.0
2425,515,7008.0,512.0
2426,199,1488.0,128.0
2427,298,3980.0,256.0
2428,879,7020.0,512.0
2429,330,2972.0,256.0
2430,355,4956.0,512.0
2431,503,6828.0,512.0
2432,516,6916.0,512.0
2433,632,7020.0,512.0
2434,393,5024.0,512.0
2435,502,6988.0,512.0
2436,441,6484.0,512.0
2437,249,3032.0,256.0
2438,733,7016.0,512.0
2439,426,5372.0,512.0
2440,654,6292.0,512.0
2441,920,11576.0,1024.0
2442,648,6872.0,512.0
2443,433,5480.0,512.0
2444,516,6920.0,512.0
2445,261,3032.0,256.0
2446,264,1740.0,128.0
2447,540,6884.0,512.0
2448,453,4368.0,256.0
2449,774,8356.0,512.0
2450,572,6320.0,512.0
2451,289,3160.0,256.0
2452,172,1388.0,128.0
2453,364,5196.0,512.0
2454,215,2724.0,256.0
2455,310,3380.0,256.0
2456,358,5536.0,512.0
2457,848,10440.0,1024.0
2458,284,2964.0,256.0
2459,530,7148.0,512.0
2460,512,6208.0,512.0
2461,392,6156.0,512.0
2462,469,6904.0,512.0
2463,322,2828.0,256.0
2464,114,1056.0,128.0
2465,281,3084.0,256.0
2466,492,6916.0,512.0
2467,505,6684.0,512.0
2468,291,3256.0,256.0
2469,466,5164.0,512.0
2470,531,6668.0,512.0
2471,508,7352.0,512.0
2472,483,4828.0,256.0
2473,555,6664.0,512.0
2474,446,6672.0,512.0
2475,157,1600.0,128.0
2476,478,6180.0,512.0
2477,356,4384.0,256.0
2478,283,3236.0,256.0
2479,422,4576.0,512.0
2480,428,5288.0,512.0
2481,476,7000.0,512.0
2482,543,6996.0,512.0
2483,622,6972.0,512.0
2484,294,2968.0,256.0
2485,242,2968.0,256.0
2486,1043,12496.0,1024.0
2487,268,3444.0,256.0
2488,530,7068.0,512.0
2489,319,3348.0,256.0
2490,622,6984.0,512.0
2491,466,6888.0,512.0
2492,180,1524.0,128.0
2493,607,9296.0,1024.0
2494,353,3072.0,256.0
2495,431,5516.0,512.0
2496,260,3020.0,256.0
2497,586,9656.0,1024.0
2498,253,3116.0,256.0
2499,301,2996.0,256.0
2500,565,5332.0,512.0
2501,480,6516.0,512.0
2502,726,11760.0,1024.0
2503,518,5520.0,512.0
2504,660,9800.0,1024.0
2505,443,6120.0,512.0
2506,266,3084.0,256.0
2507,441,6152.0,512.0
2508,204,2676.0,256.0
2509,546,7016.0,512.0
2510,238,2940.0,256.0
2511,618,6952.0,512.0
2512,329,4948.0,512.0
2513,330,4492.0,512.0
2514,211,1424.0,128.0
